Pred/Actual,0.0,1.0,2.0,OA_Resubs,OA_Holdout
0,104.0,41.0,4.0,,
1,33.0,105.0,15.0,,
2,4.0,13.0,131.0,,
Accuracies,,,,0.9714285714285714,0.7555555555555555
