Pred/Actual,0.0,1.0,2.0,OA_Resubs,OA_Holdout
0.0,109.0,49.0,10.0,,
1.0,38.0,82.0,17.0,,
2.0,0.0,19.0,126.0,,
Accuracies,,,,0.7273809523809524,0.7044444444444444
