Pred/Actual,0.0,1.0,2.0,OA_Resubs,OA_Holdout
0.0,141.0,24.0,4.0,,
1.0,6.0,118.0,13.0,,
2.0,0.0,19.0,125.0,,
Accuracies,,,,0.8809523809523809,0.8533333333333334
