Pred/Actual,0.0,1.0,2.0,OA_Resubs,OA_Holdout
0,137.0,15.0,3.0,,
1,10.0,140.0,19.0,,
2,0.0,6.0,120.0,,
Accuracies,,,,0.9666666666666667,0.8822222222222222
