Pred/Actual,0.0,1.0,2.0,OA_Resubs,OA_Holdout
0,119.0,16.0,2.0,,
1,19.0,129.0,11.0,,
2,1.0,15.0,138.0,,
Accuracies,,,,0.9928571428571429,0.8577777777777778
